addr,name,klass,D,R,V,resolved,note
08000238,printf_format_handler,libc,D1,RNA,VNA,yes,resolved
080002c8,libc_init_locale,libc,D1,RNA,VNA,yes,resolved
08000370,snprintf_wrapper,libc,D1,RNA,VNA,yes,resolved
080003b4,sprintf_to_buffer,libc,D1,RNA,VNA,yes,resolved
080003e0,printf_pad_left,libc,D1,RNA,VNA,yes,resolved
0800040c,printf_pad_right,libc,D1,RNA,VNA,yes,resolved
0800042e,printf_output_string,libc,D1,RNA,VNA,yes,resolved
080005b4,vprintf_core,libc,D1,RNA,VNA,yes,resolved
0800073c,memcmp,libc,D1,RNA,VNA,yes,resolved
08000794,memchr,libc,D1,RNA,VNA,yes,resolved
080007a8,strncpy,libc,D1,RNA,VNA,yes,resolved
0800039c,FUN_0800039c,hardware,D0,R1,V0,no,hardware: partial understanding (R1) - confirm semantics/data
08000800,strcmp,libc,D2,RNA,VNA,no,"libc: library/runtime, no RE leverage (R=NA)"
0800088e,set_errno,libc,D1,RNA,VNA,no,"libc: library/runtime, no RE leverage (R=NA)"
0800089a,printf_sign_extend_int,libc,D1,RNA,VNA,no,"libc: library/runtime, no RE leverage (R=NA)"
080008ac,printf_zero_extend_uint,libc,D1,RNA,VNA,no,"libc: library/runtime, no RE leverage (R=NA)"
080008be,printf_integer_output,libc,D1,RNA,VNA,no,"libc: library/runtime, no RE leverage (R=NA)"
08000970,printf_float_to_digits,libc,D1,RNA,VNA,no,"libc: library/runtime, no RE leverage (R=NA)"
08001092,vsnprintf_core,libc,D1,RNA,VNA,no,"libc: library/runtime, no RE leverage (R=NA)"
080010b8,snprintf_putchar,libc,D1,RNA,VNA,no,"libc: library/runtime, no RE leverage (R=NA)"
08001114,printf_wchar_output,libc,D1,RNA,VNA,no,"libc: library/runtime, no RE leverage (R=NA)"
080012bc,memset_zero,libc,D2,RNA,VNA,no,"libc: library/runtime, no RE leverage (R=NA)"
08001300,get_impure_ptr,libc,D1,RNA,VNA,no,"libc: library/runtime, no RE leverage (R=NA)"
08001308,get_errno_ptr,libc,D1,RNA,VNA,no,"libc: library/runtime, no RE leverage (R=NA)"
08001310,udiv64_by_10,libc,D1,RNA,VNA,yes,resolved
0800139c,printf_special_output,libc,D1,RNA,VNA,yes,resolved
08001448,printf_pow10_table_lookup,libc,D1,RNA,VNA,yes,resolved
08001534,printf_wchar_encode,libc,D1,RNA,VNA,yes,resolved
0800157c,memset_zero_fast,libc,D1,RNA,VNA,yes,resolved
08001620,get_locale_ptr,libc,D1,RNA,VNA,yes,resolved
08001642,udiv64,libc,D1,RNA,VNA,yes,resolved
08001732,sdiv64,libc,D1,RNA,VNA,yes,resolved
080017a6,memcpy,libc,D1,RNA,VNA,yes,resolved
08001830,FUN_08001830,protocol,D2,R0,V0,no,protocol: behavior not yet recovered (R0) - needs decode
080018a4,gpio_mux_portc_porte,hardware,D3,R1,V0,no,hardware: partial understanding (R1) - confirm semantics/data
08001a58,gpio_mux_porta_portb,hardware,D3,R1,V0,no,hardware: partial understanding (R1) - confirm semantics/data
08001c60,siggen_configure,hardware,D1,R1,V0,no,hardware: partial understanding (R1) - confirm semantics/data
080022dc,FUN_080022dc,render,D0,R1,V0,no,render: partial understanding (R1) - confirm semantics/data
080027e8,lcd_read_image_data,hardware,D1,R0,V0,no,hardware: behavior not yet recovered (R0) - needs decode
080028e0,meter_data_process,protocol,D3,R1,V0,no,protocol: partial understanding (R1) - confirm semantics/data
08002c78,FUN_08002c78,hardware,D0,R1,V0,no,hardware: partial understanding (R1) - confirm semantics/data
08008154,display_render_engine,render,D3,NA,NA,yes,"RESOLVED 2026-06-13 (harvest,NA(our own impl)): Stock FUN_08008154 (draw_ui_element, decompiled_2C53T_v2.c:2974+) is a text/UI-element layout+blit engine: allocates per-glyph scratch buffers (memory_alloc), does word-wrap measurement, then blits each glyph via FUN_080"
08008b90,glyph_render_single,render,D3,NA,NA,yes,"RESOLVED 2026-06-13 (harvest,NA(our own impl)): Stock FUN_08008b90 (decompiled_2C53T_v2.c:3533) is a single-glyph anti-aliased bitmap blitter: unpacks N-bit-per-pixel coverage, alpha-blends fg color against the existing `_framebuffer_ptr` pixel (RGB565 blend math at l"
08009014,meter_mode_init_ac_voltage,protocol,D1,R1,V0,no,protocol: partial understanding (R1) - confirm semantics/data
080096e8,meter_mode_init_dc_voltage,protocol,D1,R1,V0,no,protocol: partial understanding (R1) - confirm semantics/data
08009a94,meter_mode_init_resistance,protocol,D1,R1,V0,no,protocol: partial understanding (R1) - confirm semantics/data
0800b900,jump_table_dispatch,logic,D1,RNA,VNA,yes,resolved
0800b908,FUN_0800b908,protocol,D0,R1,V0,no,protocol: partial understanding (R1) - confirm semantics/data
0800ba06,probe_detect_handler_1,protocol,D1,R1,V0,no,protocol: partial understanding (R1) - confirm semantics/data
0800bb10,probe_detect_handler_2,protocol,D1,R1,V0,no,protocol: partial understanding (R1) - confirm semantics/data
0800bba6,probe_continuity_test,protocol,D1,R1,V0,no,protocol: partial understanding (R1) - confirm semantics/data
0800bc00,probe_component_test,protocol,D1,R1,V0,no,protocol: partial understanding (R1) - confirm semantics/data
0800bc98,probe_detect_handler_3,protocol,D1,R1,V0,no,protocol: partial understanding (R1) - confirm semantics/data
0800bcd4,mode_dispatch_indirect,logic,D1,R1,V0,no,logic: partial understanding (R1) - confirm semantics/data
0800bd84,meter_ui_draw_header,render,D1,R1,V0,no,render: partial understanding (R1) - confirm semantics/data
0800bde0,meter_ui_draw_value,render,D1,R1,V0,no,render: partial understanding (R1) - confirm semantics/data
0800e79c,meter_ui_draw_range_list,render,D1,R1,V0,no,render: partial understanding (R1) - confirm semantics/data
0800ec70,meter_ui_draw_bargraph,render,D1,R1,V0,no,render: partial understanding (R1) - confirm semantics/data
08015cfc,scope_ui_draw_header_ch1,render,D1,R1,V0,no,render: partial understanding (R1) - confirm semantics/data
08015d58,scope_ui_draw_range_list_ch1,render,D1,R1,V0,no,render: partial understanding (R1) - confirm semantics/data
08015f50,scope_ui_draw_main,render,D3,NA,NA,yes,"RESOLVED 2026-06-13 (harvest,NA(our own impl)): Stock draw_oscilloscope_screen @ 08015f50 (decompiled_2C53T_v2.c:4433) is the stock scope screen: a switch on ui_state_flags draws dotted grid lines by poking 0x18c3 directly into `_framebuffer_ptr` with viewport clippin"
08017514,scope_ui_draw_header_ch2,render,D3,NA,NA,yes,"RESOLVED 2026-06-13 (harvest,NA(our own impl)): Stock FUN_08017514 (decompiled_2C53T_v2.c:5215) is trivial: draw_text(string,0,0) + one draw_ui_element(0x34,0,0xd8,0x14, label[current_mode_index], buf,0xffff,1) — a per-mode header label drawn through the framebuffer l"
0801819c,scope_ui_draw_trigger_info,render,D3,NA,NA,yes,"RESOLVED 2026-06-13 (harvest,NA(our own impl)): Stock FUN_0801819c (decompiled_2C53T_v2.c:5230) sprintf's a value (DAT_20000f14+0x94) into a format buffer then draws three draw_ui_element rows (trigger-related selectable list, highlight color toggled by DAT_20000f14)."
08018324,scope_ui_draw_timebase_list,render,D3,NA,NA,yes,"RESOLVED 2026-06-13 (harvest,NA(our own impl)): Stock draw_settings_menu @ 08018324 (decompiled_2C53T_v2.c:5264) draws two selectable menu rows: when not selected it paints a dotted fill (0x18c3) into `_framebuffer_ptr` via nested loops with viewport clipping, then dr"
08018964,lcd_draw_pixel,render,D3,NA,NA,yes,"RESOLVED 2026-06-13 (harvest,NA(our own impl)): MISLABEL: FUN_08018964 (decompiled_2C53T_v2.c:5391) is NOT an ST7789 pixel write. It is a Wu-style anti-aliased point plot: computes 4 neighbor coverages from fractional x/y and calls FUN_08018cb0 four times, each readin"
08018af0,lcd_set_window,render,D3,NA,NA,yes,"RESOLVED 2026-06-13 (harvest,NA(our own impl)): MISLABEL: FUN_08018af0 (decompiled_2C53T_v2.c:5481) is NOT ST7789 CASET/RASET. It is a parametric curve/arc rasterizer: loops a parameter t from start to end (fmod via FUN_0803c82e), evaluates a coefficient LUT (&DAT_080"
08018cb0,lcd_fill_color,render,D3,NA,NA,yes,"RESOLVED 2026-06-13 (harvest,NA(our own impl)): Stock FUN_08018cb0 (decompiled_2C53T_v2.c:5577) writes a single RGB565 pixel into a RAM SOFTWARE framebuffer (_framebuffer_ptr, allocated via memory_alloc at v2.c:3729/3776) with _viewport_* clipping, alpha-blending para"
08018da0,draw_line_segment_bresenham,render,D3,R1,V0,no,render: partial understanding (R1) - confirm semantics/data
08018ea8,scope_draw_grid_vertical,render,D3,NA,NA,yes,"RESOLVED 2026-06-13 (harvest,NA(our own impl)): Stock FUN_08018ea8 (v2.c:5704) is a generic Bresenham LINE rasterizer into the RAM _framebuffer_ptr backbuffer with _viewport clipping (plots start pixel, walks param_2->param_4 in y, plots end pixel) — a general line dr"
08018fcc,scope_draw_grid_dots,render,D3,NA,NA,yes,"RESOLVED 2026-06-13 (harvest,NA(our own impl)): Stock FUN_08018fcc (v2.c:5764) is a 4-bit-per-pixel glyph/bitmap BLIT: it reads nibbles from a source bitmap (param_5), converts via VectorUnsignedToFloat, scales to an alpha (fVar10/15*DAT), and alpha-blends each pixel "
08019134,lcd_fill_rect_with_color,render,D3,NA,NA,yes,"RESOLVED 2026-06-13 (harvest,NA(our own impl)): Stock FUN_08019134 (v2.c:5844) computes a per-column HSV->RGB565 RAINBOW gradient (FUN_0803d540 = hue function, ramps fVar8 across the span and packs 5*/6*/11* into RGB565) and writes it in a strided 5-pixel dotted patte"
08019330,scope_draw_cursor,render,D3,NA,NA,yes,"RESOLVED 2026-06-13 (harvest,NA(our own impl)): Stock FUN_08019330 (v2.c:5936) reads existing pixels from the RAM _framebuffer_ptr backbuffer over a rect and applies a fixed-point RGB565 color TRANSFORM (the 0x80808081 reciprocal-multiply constants are /255 normalizat"
08019470,scope_draw_waveform_trace,render,D3,R1,V0,no,render: partial understanding (R1) - confirm semantics/data
08019af8,scope_draw_trigger_marker,render,D1,R1,V0,no,render: partial understanding (R1) - confirm semantics/data
08019c48,scope_draw_controller,render,D3,R1,V0,no,render: partial understanding (R1) - confirm semantics/data
08019ce8,scope_draw_fft_bars,render,D1,R1,V0,no,render: partial understanding (R1) - confirm semantics/data
08019e00,lcd_read_data_word,hardware,D3,R2,V1,yes,"RESOLVED 2026-06-13 (harvest,VERIFY): Stock FUN_08019e00 (v2.c:6400) is one instruction: 'return uRam60020000;' — a read of the EXMC memory-mapped LCD DATA register at 0x60020000 (A17=high => RS/DCX=data). Our firmware firmware/src/drivers/lcd.c:153 lcd_read"
08019e18,scope_set_ch_offset,logic,D1,R1,V0,no,logic: partial understanding (R1) - confirm semantics/data
08019e6c,scope_get_ch_offset,logic,D1,R1,V0,no,logic: partial understanding (R1) - confirm semantics/data
08019e78,scope_set_ch_coupling,logic,D1,R1,V0,no,logic: partial understanding (R1) - confirm semantics/data
08019e98,scope_main_fsm,protocol,D3,R1,V0,no,protocol: partial understanding (R1) - confirm semantics/data
0801d2ec,scope_mode_timebase,protocol,D3,R1,V0,no,protocol: partial understanding (R1) - confirm semantics/data
0801e1e4,scope_mode_trigger,protocol,D1,R1,V0,no,protocol: partial understanding (R1) - confirm semantics/data
0801eaac,scope_mode_measure,protocol,D1,R1,V0,no,protocol: partial understanding (R1) - confirm semantics/data
0801efc0,scope_mode_math,protocol,D1,R1,V0,no,protocol: partial understanding (R1) - confirm semantics/data
0801f6f8,scope_measurement_engine,protocol,D3,R1,V0,no,protocol: partial understanding (R1) - confirm semantics/data
08020930,scope_mode_display_settings,render,D1,R1,V0,no,render: partial understanding (R1) - confirm semantics/data
08021b40,scope_draw_trigger_overlay,render,D1,R1,V0,no,render: partial understanding (R1) - confirm semantics/data
08021de4,scope_draw_channel_info,render,D1,R1,V0,no,render: partial understanding (R1) - confirm semantics/data
08022d40,FUN_08022d40,unknown,D0,R0,V0,no,unknown: behavior not yet recovered (R0) - needs decode
08022e14,lcd_draw_bitmap_from_flash,render,D1,R0,V0,no,render: behavior not yet recovered (R0) - needs decode
08023a50,master_init,hardware,D2,R0,V0,no,DECODED 2026-06-13 (14-region workflow): 13/14 regions D3 but dma region D2 (USART2-RX DMA channel + 0x40005C00 USB mislabel unresolved) so overall D2. Reimpl R0 floor: flash_cfg_cal cal-table restore ABSENT (no saved-config read/magic-validate/40-entry gain-offset table); analog_frontend DAC1 trigger path absent + relay bits inverted; spi3_handshake default build sends non-stock USART pre-0x3B (top config-entry suspect). R2 only adc1/usart2_fpga/iwdg. Full: analysis_v120/master_init_decode_diff_2026-06-13.md
0802771c,tmr3_isr,hardware,D2,R1,V0,no,hardware: partial understanding (R1) - confirm semantics/data
080277b4,usart2_isr,protocol,D3,R2,V1,yes,resolved
080278e4,usb_endpoint_handler,hardware,D1,R0,V0,no,hardware: behavior not yet recovered (R0) - needs decode
08028314,gpio_port_d_set_pin,hardware,D2,R1,V0,no,hardware: partial understanding (R1) - confirm semantics/data
08028b80,usb_class_request_handler,protocol,D1,RNA,VNA,no,"protocol: library/runtime, no RE leverage (R=NA)"
0802912c,fs_format_filename,logic,D1,R0,V0,no,logic: behavior not yet recovered (R0) - needs decode
0802920c,fs_read_file_data,logic,D1,R0,V0,no,logic: behavior not yet recovered (R0) - needs decode
0802985c,fs_check_path,logic,D1,R0,V0,no,logic: behavior not yet recovered (R0) - needs decode
080298c0,meter_coord_transform,render,D1,R1,V0,no,render: partial understanding (R1) - confirm semantics/data
08029a70,scope_draw_measurements,render,D1,R1,V0,no,render: partial understanding (R1) - confirm semantics/data
08029b80,fs_read_sector,logic,D1,R0,V0,no,logic: behavior not yet recovered (R0) - needs decode
08029cc4,fs_write_entry,logic,D1,R0,V0,no,logic: behavior not yet recovered (R0) - needs decode
08029da0,fs_init_header,logic,D1,R0,V0,no,logic: behavior not yet recovered (R0) - needs decode
08029e0c,fs_open_file,logic,D1,R0,V0,no,logic: behavior not yet recovered (R0) - needs decode
0802a078,fs_create_file,logic,D1,R0,V0,no,logic: behavior not yet recovered (R0) - needs decode
0802a2d4,fs_extend_cluster,logic,D1,R0,V0,no,logic: behavior not yet recovered (R0) - needs decode
0802a514,gpio_port_b_configure_pin,hardware,D1,R1,V0,no,hardware: partial understanding (R1) - confirm semantics/data
0802a534,scope_state_handler,protocol,D1,R1,V0,no,protocol: partial understanding (R1) - confirm semantics/data
0802a664,fs_fat_traverse,logic,D1,R0,V0,no,logic: behavior not yet recovered (R0) - needs decode
0802bde4,fs_write_data,logic,D1,R0,V0,no,logic: behavior not yet recovered (R0) - needs decode
0802c250,fs_directory_operations,logic,D1,R0,V0,no,logic: behavior not yet recovered (R0) - needs decode
0802ce94,spi_flash_read_status,hardware,D1,R1,V0,no,hardware: partial understanding (R1) - confirm semantics/data
0802cf38,spi_flash_write_disable,hardware,D1,R1,V0,no,hardware: partial understanding (R1) - confirm semantics/data
0802cf7c,spi_flash_init_controller,hardware,D1,R1,V0,no,hardware: partial understanding (R1) - confirm semantics/data
0802cfbc,spi_flash_chip_detect,hardware,D1,R1,V0,no,hardware: partial understanding (R1) - confirm semantics/data
0802d014,spi_flash_read_with_cache,hardware,D2,R1,V0,no,hardware: partial understanding (R1) - confirm semantics/data
0802d1c4,spi_flash_status_check,hardware,D1,R1,V0,no,hardware: partial understanding (R1) - confirm semantics/data
0802d1e8,spi_flash_write_sectors,hardware,D2,R1,V0,no,hardware: partial understanding (R1) - confirm semantics/data
0802d534,spi_flash_fs_sync,logic,D2,R1,V0,no,logic: partial understanding (R1) - confirm semantics/data
0802d774,spi_flash_cache_invalidate,logic,D1,R1,V0,no,logic: partial understanding (R1) - confirm semantics/data
0802d80c,spi_flash_format_check,logic,D1,R1,V0,no,logic: partial understanding (R1) - confirm semantics/data
0802d8b8,spi_flash_directory_scan,logic,D2,R1,V0,no,logic: partial understanding (R1) - confirm semantics/data
0802dc40,spi_flash_alloc_cluster,logic,D2,R1,V0,no,logic: partial understanding (R1) - confirm semantics/data
0802dcbc,spi_flash_read_dir_entry,logic,D1,R1,V0,no,logic: partial understanding (R1) - confirm semantics/data
0802df20,spi_flash_delete_entry,logic,D2,R1,V0,no,logic: partial understanding (R1) - confirm semantics/data
0802e12c,spi_flash_create_entry,logic,D2,R1,V0,no,logic: partial understanding (R1) - confirm semantics/data
0802e530,spi_flash_rename_entry,logic,D1,R1,V0,no,logic: partial understanding (R1) - confirm semantics/data
0802e7bc,spi_flash_fs_operations,logic,D2,R1,V0,no,logic: partial understanding (R1) - confirm semantics/data
0802e908,spi_flash_error_handler,logic,D1,R1,V0,no,logic: partial understanding (R1) - confirm semantics/data
0802ea08,spi_flash_init_fs,logic,D2,R1,V0,no,logic: partial understanding (R1) - confirm semantics/data
0802ee9c,spi2_sector_erase,hardware,D2,R0,V0,no,hardware: behavior not yet recovered (R0) - needs decode
0802eee8,spi2_read_jedec_id,hardware,D3,R1,V0,no,DECODED 2026-06-13: stock uses opcode 0x90 (Read Mfr/Device ID + 3 dummy addr - 2 bytes) NOT 0x9F. Our flash_fs_raw_read_jedec uses 0x9F (3 bytes) - DIVERGENT command - R stays 1 (we read ID a different way). To resolve: add a 0x90 reader or justify the 0x9F divergence as NA.
0802ef48,spi2_init,hardware,D2,R1,V0,no,partial: stock configs GPIOB PB12-15 (CS/SCK/MISO/MOSI - matches ours) via gpio_configure_pins + FUN_0802a514/FUN_08036820 SPI setup. Our flash_fs_raw_spi_init_once writes ctrl1 directly (master /16 mode0). Prescaler/mode not yet matched to stock - needs FUN_0802a514 decode before V.
0802f048,spi2_block_read,hardware,D3,R2,V1,yes,RESOLVED 2026-06-13: static-equiv to flash_fs_raw_read (flash_fs.c) - CS=PB12 BCR/BSRR / cmd 0x03 / 24-bit addr / N reads / CS high - byte-identical protocol
0802f0b8,spi2_receive_byte,hardware,D3,R2,V1,yes,RESOLVED 2026-06-13: static-equiv to flash_fs_raw_spi_xfer(0xFF) in flash_fs.c
0802f0c4,spi2_transceive_byte,hardware,D3,R2,V1,yes,RESOLVED 2026-06-13: static-equiv to flash_fs_raw_spi_xfer (poll TXE sts.1 / write dt / poll RXNE sts.0 / read dt) - ghidra i2c_transfer is mislabel of SPI2 SR poll
0802f11c,spi2_wait_busy,hardware,D3,R0,V0,no,hardware: behavior not yet recovered (R0) - needs decode
0802f16c,spi_flash_write_block,hardware,D2,R0,V0,no,hardware: behavior not yet recovered (R0) - needs decode
0802f2ac,spi2_page_write_loop,hardware,D2,R0,V0,no,hardware: behavior not yet recovered (R0) - needs decode
0802f344,spi2_write_enable,hardware,D3,R0,V0,no,hardware: behavior not yet recovered (R0) - needs decode
0802f36c,spi2_page_program,hardware,D3,R0,V0,no,hardware: behavior not yet recovered (R0) - needs decode
0802f3e4,option_bytes_write_optkeyr,hardware,D3,RNA,VNA,yes,resolved
0802f5ec,option_bytes_erase,hardware,D2,RNA,VNA,no,"hardware: library/runtime, no RE leverage (R=NA)"
0802f6d8,spi_flash_fat_update,logic,D1,R0,V0,no,logic: behavior not yet recovered (R0) - needs decode
0802ff18,spi_flash_cluster_io,logic,D1,R0,V0,no,logic: behavior not yet recovered (R0) - needs decode
080302fc,gpio_pin_config,hardware,D2,R1,V0,no,hardware: partial understanding (R1) - confirm semantics/data
080304e0,gpio_read_input,hardware,D2,R1,V0,no,hardware: partial understanding (R1) - confirm semantics/data
080304f0,fs_close_file,logic,D1,R0,V0,no,logic: behavior not yet recovered (R0) - needs decode
08030524,jpeg_huffman_decode_1,asset,D3,RNA,VNA,yes,resolved
08031f20,jpeg_huffman_decode_2,asset,D3,RNA,VNA,yes,resolved
08032f6c,measurement_dispatch,render,D1,R0,V0,no,render: behavior not yet recovered (R0) - needs decode
08033174,display_color_fill,render,D1,R1,V0,no,render: partial understanding (R1) - confirm semantics/data
0803340c,font_get_glyph_index,render,D1,R1,V0,no,render: partial understanding (R1) - confirm semantics/data
080337a0,spi_flash_read_sector_cached,logic,D1,R0,V0,no,logic: behavior not yet recovered (R0) - needs decode
08033c6c,display_set_clip_region,render,D1,R0,V0,no,render: behavior not yet recovered (R0) - needs decode
08033cbc,display_clear_region,render,D1,R1,V0,no,render: partial understanding (R1) - confirm semantics/data
08033cfc,display_alloc_buffer,logic,D1,R0,V0,no,logic: behavior not yet recovered (R0) - needs decode
08034070,fs_close_helper,logic,D1,R0,V0,no,logic: behavior not yet recovered (R0) - needs decode
08034078,scope_display_refresh,render,D2,R1,V0,no,render: partial understanding (R1) - confirm semantics/data
080342f8,scope_display_full_redraw,render,D2,R1,V0,no,render: partial understanding (R1) - confirm semantics/data
08034828,freertos_task_idle_hook,logic,D3,NA,NA,yes,"RESOLVED 2026-06-13 (harvest,NA(our own impl)): MISLABEL: FUN_08034828 (v2.c:8268) is NOT a FreeRTOS idle hook. It calls a registered draw callback (*_DAT_20036b80)(originX + bbox[0], originY + bbox[2], bbox[1]-bbox[0]+1, bbox[3]-bbox[2]+1, color) — a blit-dispatch ov"
08034878,fs_init_sequence,logic,D1,R1,V0,no,logic: partial understanding (R1) - confirm semantics/data
080349b8,freertos_list_insert_sorted,logic,D3,NA,NA,yes,"RESOLVED 2026-06-13 (harvest,NA(same FreeRTOS/libc source)): FUN_080349b8 (v2.c:8345) IS the FreeRTOS kernel primitive prvAddCurrentTaskToDelayedList (firmware/FreeRTOS/tasks.c:8590). Match: top uxListRemove of xStateListItem (FUN_0803a024(_DAT_200061e0+4); clears ready-priority b"
08034ab0,freertos_timer_command,logic,D3,NA,NA,yes,"RESOLVED 2026-06-13 (harvest,NA(same FreeRTOS/libc source)): Stock decompile (decompiled_2C53T_v2.c:28384) matches prvAddNewTaskToReadyList (single-core) in firmware/FreeRTOS/tasks.c:2130-2181: taskENTER_CRITICAL, ++uxCurrentNumberOfTasks (_DAT_20006254), if pxCurrentTCB==NULL(_DA"
08034bc0,freertos_timer_pend_call,logic,D3,NA,NA,yes,"RESOLVED 2026-06-13 (harvest,NA(same FreeRTOS/libc source)): decompiled_2C53T_v2.c:28418 matches prvCheckForValidListAndQueue in firmware/FreeRTOS/timers.c:1114-1141: under critical section, if xTimerQueue(_DAT_200062e4)==NULL, vListInitialise x2 (FUN_0803a06c on 0x200062f8/0x2000"
08034c24,freertos_timer_process_expired,logic,D3,NA,NA,yes,"RESOLVED 2026-06-13 (harvest,NA(same FreeRTOS/libc source)): decompiled_2C53T_v2.c:28441 matches prvCheckTasksWaitingTermination (single-core) in firmware/FreeRTOS/tasks.c:6110-6139: while(uxDeletedTasksWaitingCleanUp(_DAT_200062cc)!=0){ critical; pxTCB=head of xTasksWaitingTermin"
08034c80,freertos_task_set_timeout,logic,D3,NA,NA,yes,"RESOLVED 2026-06-13 (harvest,NA(same FreeRTOS/libc source)): decompiled_2C53T_v2.c:28464 matches prvCopyDataFromQueue in firmware/FreeRTOS/queue.c:2476-2494: if uxItemSize(param_1[0x10])!=0, advance pcReadFrom(param_1[3]) by uxItemSize, wrap at pcTail(param_1[2]) back to pcHead(*p"
08034cc4,freertos_queue_copy_item,logic,D3,NA,NA,yes,"RESOLVED 2026-06-13 (harvest,NA(same FreeRTOS/libc source)): decompiled_2C53T_v2.c:28483 matches prvCopyDataToQueue in firmware/FreeRTOS/queue.c:2393-2472: uxItemSize(param_1[0x10])==0 -> mutex disinherit on xMutexHolder(param_1[2]) via xTaskPriorityDisinherit(FUN_0803b934); xPosi"
08034d90,freertos_timer_reload,logic,D3,NA,NA,yes,"RESOLVED 2026-06-13 (harvest,NA(same FreeRTOS/libc source)): decompiled_2C53T_v2.c:28524 matches prvDeleteTCB in firmware/FreeRTOS/tasks.c: vPortFree(*(param_1+0x30)) frees the stack (pxStack at TCB+0x30), then vPortFree(param_1) frees the TCB. Called only from prvCheckTasksWaitin"
08034da8,freertos_task_increment_tick,logic,D3,NA,NA,yes,"RESOLVED 2026-06-13 (harvest,NA(same FreeRTOS/libc source)): full_decompile.c:26753 matches prvGetHighestPriorityOfWaitToReceiveList in firmware/FreeRTOS/queue.c:2368-2388: if listCURRENT_LIST_LENGTH(&xTasksWaitingToReceive)(count at Queue_t+0x24) > 0 return configMAX_PRIORITIES(="
08034dd0,freertos_port_yield_from_isr,hardware,D3,NA,NA,yes,"RESOLVED 2026-06-13 (harvest,NA(same FreeRTOS/libc source)): full_decompile.c:26776 matches prvGetNextExpireTime in firmware/FreeRTOS/timers.c:840-864: *pxListWasEmpty(*param_1) = listLIST_IS_EMPTY(pxCurrentTimerList) (*_DAT_200062f0==0; _DAT_200062f0 set to pxCurrentTimerList in "
08034e10,freertos_timer_create_static,logic,D2,NA,NA,yes,"RESOLVED 2026-06-13 (harvest,NA(same FreeRTOS/libc source)): Stock body sets two free-list head pointers to &DAT_20008330, block size 0x1ff0, and xFreeBytesRemaining/xMinimumEverFreeBytesRemaining (DAT_20006324=1) — byte-for-byte the prvHeapInit logic in /Users/david/Projects/RESE"
08034f04,freertos_timer_start_from_isr,logic,D2,NA,NA,yes,"RESOLVED 2026-06-13 (harvest,NA(same FreeRTOS/libc source)): Stock: if(uxItemSize==0) pcHead=pxQueue else pcHead=pucQueueStorage; writes uxLength([0xf]) and uxItemSize([0x10]); then xQueueReset(q,pdTRUE). Exact match to prvInitialiseNewQueue in /Users/david/Projects/RESEARCH/osc/f"
08034f44,freertos_timer_daemon_init,logic,D2,NA,NA,yes,"RESOLVED 2026-06-13 (harvest,NA(same FreeRTOS/libc source)): Stock copies up to 16 chars of a name into TCB+0x34 (pcTaskName), clamps priority to 4 (configMAX_PRIORITIES-1) writing uxPriority/uxBasePriority, calls FUN_0803a09c (vListInitialiseItem) twice for xStateListItem/xEventL"
08035058,freertos_timer_pend_callback,logic,D2,NA,NA,yes,"RESOLVED 2026-06-13 (harvest,NA(same FreeRTOS/libc source)): Two-path kernel routine: setup branch initialises a control block (writes [0],[6],[7],[8], FUN_0803a09c=vListInitialiseItem, sets bit 0x4 flag) and the alternate path is prvTaskExitError — raises BASEPRI to configMAX_SYS"
080350d0,freertos_timer_execute_callback,logic,D2,NA,NA,yes,"RESOLVED 2026-06-13 (harvest,NA(same FreeRTOS/libc source)): Stock loops local_14=0..4 calling FUN_0803a06c (vListInitialise) on 5 lists at 0x200061f0 stride 0x14 (pxReadyTasksLists[0..4], configMAX_PRIORITIES=5), then 5 more vListInitialise on the delayed/overflow/pending-ready/s"
0803515c,freertos_timer_switch_lists,logic,D2,NA,NA,yes,"RESOLVED 2026-06-13 (harvest,NA(same FreeRTOS/libc source)): Stock walks the free-block list from &DAT_2000632c (xStart) to find insertion point, then coalesces with the preceding block (puc+xBlockSize==insert) and following block, with a pxEnd special-case (_DAT_20006320). Byte-f"
08035224,freertos_queue_item_init,logic,D2,NA,NA,yes,"RESOLVED 2026-06-13 (harvest,NA(same FreeRTOS/libc source)): Stock sets list-item value *(p+4)=value and owner *(p+0x10)=p, then performs overflow-aware wake-time insertion: when value wraps it inserts into the overflow list (FUN_0803a0ac on _DAT_200062f0) else the delayed list (_"
080352ac,freertos_list_remove_head,logic,D2,NA,NA,yes,"RESOLVED 2026-06-13 (harvest,NA(same FreeRTOS/libc source)): Stock: taskENTER_CRITICAL; read *(queue+0x38) (uxMessagesWaiting); taskEXIT_CRITICAL; return ==0. Called from xQueueGenericReceive context (decompile 34204-34221 shows prvLockQueue cRxLock/cTxLock at +0x44/+0x45, vTaskSu"
080352d4,freertos_queue_check_space,logic,D3,NA,NA,yes,"RESOLVED 2026-06-13 (harvest,NA(same FreeRTOS/libc source)): Stock FUN_080352d4 (decompiled_2C53T_v2.c:28830): taskENTER_CRITICAL(); reads two struct fields at +0x38/+0x3c, returns equality, taskEXIT_CRITICAL(). This is a timers.c list/active helper (Timer_t status compare under c"
08035304,freertos_port_disable_interrupts,hardware,D3,NA,NA,yes,"RESOLVED 2026-06-13 (harvest,NA(same FreeRTOS/libc source)): Stock FUN_08035304 (v2.c:28851) is an MPU-wrapped prvProcessExpiredTimer/prvInsertTimerInActiveList helper: privilege/MSP/MPU setup (isCurrentModePrivileged/setBasePriority/DSB/ISB) then FUN_08035224=prvInsertTimerInActi"
0803532c,freertos_task_create_static,logic,D3,NA,NA,yes,"RESOLVED 2026-06-13 (harvest,NA(same FreeRTOS/libc source)): Stock FUN_0803532c (v2.c:28911) mirrors FUN_08035304 with an offset param: FUN_0803a024 list helper, FUN_08035224=prvInsertTimerInActiveList(iVar+0x18+param), FUN_0803be38 list op, privilege/setBasePriority(0x10) tail. T"
080353b4,freertos_scheduler_start,logic,D3,NA,NA,yes,"RESOLVED 2026-06-13 (harvest,NA(same FreeRTOS/libc source)): Stock FUN_080353b4 (v2.c:28949) = prvProcessReceivedCommands: xQueueReceive loop on the timer command queue with switch cases 0..9 matching timers.h tmrCOMMAND_START_DONT_TRACE(0)..CHANGE_PERIOD_FROM_ISR(9); case 5 does "
08035504,freertos_task_create,logic,D3,NA,NA,yes,"RESOLVED 2026-06-13 (harvest,NA(same FreeRTOS/libc source)): Stock FUN_08035504 (v2.c:29035) = prvProcessTimerOrBlockTask: vTaskSuspendAll(); FUN_080355dc=prvSampleTimeNow(&listWasSwitched); if not switched, either process expired (FUN_0803532c) or block the daemon (FUN_0803a32c=v"
080355a0,freertos_critical_nesting_inc,logic,D3,NA,NA,yes,"RESOLVED 2026-06-13 (harvest,NA(same FreeRTOS/libc source)): Stock FUN_080355a0 (v2.c:29080) = prvGetNextExpireTime: if pxCurrentTimerList empty (*_DAT_200062c4==0) set result _DAT_200062d0=0xffffffff (portMAX_DELAY/listWasEmpty path), else result = value of head list item (*_DAT_"
080355dc,freertos_scheduler_suspend,logic,D3,NA,NA,yes,"RESOLVED 2026-06-13 (harvest,NA(same FreeRTOS/libc source)): Stock FUN_080355dc (v2.c:29100) = prvSampleTimeNow: uVar1=FUN_0803b768=xTaskGetTickCount(); if(uVar1 < xLastTime _DAT_200062f4){ FUN_08035620=prvSwitchTimerLists(); *pxSwitched=1 } else *pxSwitched=0; _DAT_200062f4=uVar1"
08035620,freertos_scheduler_resume,logic,D3,NA,NA,yes,"RESOLVED 2026-06-13 (harvest,NA(same FreeRTOS/libc source)): Stock FUN_08035620 (v2.c:29125) = prvSwitchTimerLists: while current timer list non-empty, process head (prvProcessExpiredTimer via the +0x20 callback + reinsert FUN_0803a0ac), then swap the two list pointers _DAT_200062"
08035730,freertos_task_get_current,logic,D3,NA,NA,yes,"RESOLVED 2026-06-13 (harvest,NA(same FreeRTOS/libc source)): Stock FUN_08035730 = FreeRTOS prvTaskIsTaskSuspended (tasks.c:3323). param_1==0 + ISB/DSB + infinite spin = configASSERT(xTask) failure handler. *(p+0x14)==&DAT_200062b0 = listIS_CONTAINED_WITHIN(&xSuspendedTaskList, xSt"
080357b8,freertos_ready_list_add,logic,D3,NA,NA,yes,"RESOLVED 2026-06-13 (harvest,NA(same FreeRTOS/libc source)): Stock FUN_080357b8 = FreeRTOS prvUnlockQueue (queue.c:183, static; called at queue.c:1133+). taskENTER_CRITICAL, walks cTxLock count at byte 0x45 over xTasksWaitingToReceive list (p+0x24) calling xTaskRemoveFromEventList"
0803586c,spi_flash_cluster_chain_read,logic,D1,R1,V0,no,logic: partial understanding (R1) - confirm semantics/data
08035c64,freertos_timer_daemon_task,logic,D1,RNA,VNA,yes,resolved
08035e80,freertos_task_notify_check,logic,D1,RNA,VNA,yes,resolved
08035eac,freertos_timer_get_period,logic,D1,RNA,VNA,yes,resolved
08035ed4,spi_flash_fs_mount,logic,D1,R0,V0,no,logic: behavior not yet recovered (R0) - needs decode
08036084,spi_flash_fs_format,logic,D1,R0,V0,no,logic: behavior not yet recovered (R0) - needs decode
080365d4,scope_draw_xy_mode,render,D1,R1,V0,no,render: partial understanding (R1) - confirm semantics/data
08036820,spi_peripheral_reset,hardware,D1,R1,V0,no,hardware: partial understanding (R1) - confirm semantics/data
08036830,spi_peripheral_enable,hardware,D1,R1,V0,no,hardware: partial understanding (R1) - confirm semantics/data
0803683c,spi_check_flag,hardware,D1,R1,V0,no,hardware: partial understanding (R1) - confirm semantics/data
08036848,spi_peripheral_init,hardware,D1,R1,V0,no,hardware: partial understanding (R1) - confirm semantics/data
08036934,fs_flush_and_sync,logic,D1,R0,V0,no,logic: behavior not yet recovered (R0) - needs decode
08037400,fpga_usart_tx_task,protocol,D2,NA,NA,yes,"RESOLVED 2026-06-13 (harvest,NA(our own impl)): Stock FUN_08037400 (full_decompile.c:28542): infinite loop, xQueueReceive (FUN_0803b1d8, portMAX_DELAY) of a cmd word, writes word bytes into a frame, computes checksum (byte2+byte3 stored at frame+9), kicks USART2 (uRam"
08037800,fpga_spi3_transfer,hardware,D3,R2,V0,no,"UNRESOLVED 2026-06-13 (harvest): Per the prompt's explicit flag and verified here: corrupt disasm context blocks faithful decode, and equivalence depends on un-completed bench bring-up. Next ac"
08039734,usart_tx_config_writer,protocol,D3,R1,V0,no,protocol: partial understanding (R1) - confirm semantics/data
08039874,usb_endpoint_configure,hardware,D1,RNA,VNA,yes,resolved
08039990,usb_endpoint_init_all,hardware,D1,RNA,VNA,yes,resolved
08039b24,usb_descriptor_handler,logic,D1,RNA,VNA,yes,resolved
08039eb4,fpga_frame_builder,protocol,D1,RNA,VNA,yes,resolved
0803a024,freertos_list_remove,libc,D3,NA,NA,yes,"RESOLVED 2026-06-13 (harvest,NA(same FreeRTOS/libc source)): Stock FUN_0803a024 = FreeRTOS uxListRemove (list.c:217). pxContainer at p+0x10; relinks pxNext->pxPrevious (p+4->+8) and pxPrevious->pxNext (p+8->+4); if pxList->pxIndex(piVar1[1])==item set pxIndex=pxPrevious; clears px"
0803a06c,freertos_port_enter_critical,libc,D3,NA,NA,yes,"RESOLVED 2026-06-13 (harvest,NA(same FreeRTOS/libc source)): Stock FUN_0803a06c = FreeRTOS vListInitialise (list.c:49), NOT a critical-section primitive. param_1[1]=param_1+2 (pxIndex=&xListEnd); param_1[2]=0xffffffff (xListEnd.xItemValue=portMAX_DELAY); param_1[3]=param_1[4]=para"
0803a09c,freertos_port_exit_critical,libc,D3,NA,NA,yes,"RESOLVED 2026-06-13 (harvest,NA(same FreeRTOS/libc source)): Stock FUN_0803a09c = FreeRTOS vListInitialiseItem (list.c:89), NOT exit-critical. Single statement: *(param_1+0x10)=0 → pxItem->pxContainer=NULL. Matches list.c:94."
0803a0ac,freertos_list_insert_end,libc,D3,NA,NA,yes,"RESOLVED 2026-06-13 (harvest,NA(same FreeRTOS/libc source)): Stock FUN_0803a0ac = FreeRTOS vListInsert (SORTED insert, list.c:139), NOT vListInsertEnd. If *param_2(xItemValue)==0xffffffff use xListEnd.pxPrevious; else walk `for(it=&xListEnd; it->pxNext->xItemValue <= xValue; it=it"
0803a118,freertos_list_init,libc,D3,NA,NA,yes,"RESOLVED 2026-06-13 (harvest,NA(same FreeRTOS/libc source)): Stock body (decompiled_2C53T_v2.c:32949-32962) inserts param_2 before pxIndex's predecessor and does `*param_1 = *param_1 + 1`. This is byte-for-byte vListInsertEnd, matching FreeRTOS/list.c:105-130 (pxNewListItem->pxNex"
0803a154,freertos_port_save_context,libc,D2,NA,NA,yes,"RESOLVED 2026-06-13 (harvest,NA(same FreeRTOS/libc source)): Stock (decompiled_2C53T_v2.c:32970-32975) is a one-liner `*DAT_0803a164 |= 0xf00000`, called ONLY from xPortStartScheduler (FUN_0803a9d4 @0803a9d4) just after SysTick/SHPR setup and before CPACR VFP enable (e000ef34 |= 0"
0803a168,freertos_enter_critical_from_isr,libc,D1,RNA,VNA,no,"libc: library/runtime, no RE leverage (R=NA)"
0803a1b0,freertos_exit_critical_from_isr,libc,D1,RNA,VNA,no,"libc: library/runtime, no RE leverage (R=NA)"
0803a1e0,freertos_timer_process_commands,libc,D1,RNA,VNA,no,"libc: library/runtime, no RE leverage (R=NA)"
0803a2c8,freertos_queue_peek_from_isr,libc,D1,RNA,VNA,no,"libc: library/runtime, no RE leverage (R=NA)"
0803a32c,freertos_task_priority_set,libc,D1,RNA,VNA,no,"libc: library/runtime, no RE leverage (R=NA)"
0803a390,freertos_task_delay,libc,D1,RNA,VNA,no,"libc: library/runtime, no RE leverage (R=NA)"
0803a400,freertos_task_save_priority,libc,D1,RNA,VNA,no,"libc: library/runtime, no RE leverage (R=NA)"
0803a424,freertos_task_restore_priority,libc,D1,RNA,VNA,no,"libc: library/runtime, no RE leverage (R=NA)"
0803a434,freertos_task_add_to_delayed,libc,D1,RNA,VNA,no,"libc: library/runtime, no RE leverage (R=NA)"
0803a478,freertos_list_insert_sorted_wrap,libc,D1,RNA,VNA,no,"libc: library/runtime, no RE leverage (R=NA)"
0803a4cc,freertos_task_unblock_all,libc,D1,RNA,VNA,no,"libc: library/runtime, no RE leverage (R=NA)"
0803a610,freertos_task_check_timeouts,libc,D1,RNA,VNA,no,"libc: library/runtime, no RE leverage (R=NA)"
0803a6d8,freertos_timer_start,logic,D3,NA,NA,yes,"RESOLVED 2026-06-13 (harvest,NA(same FreeRTOS/libc source)): Ghidra labels this vTaskStartScheduler; stock (decompiled_2C53T_v2.c:33430-33464) does xTaskCreate(idle task), creates the timer task (FUN_0803bdd4), sets uxSchedulerSuspended/xSchedulerRunning globals, then calls xPortS"
0803a78c,freertos_systick_handler,hardware,D3,NA,NA,yes,"RESOLVED 2026-06-13 (harvest,NA(same FreeRTOS/libc source)): Ghidra labels this vTaskSuspend; stock (decompiled_2C53T_v2.c:33474-33531) takes critical section, removes TCB from ready/event lists, clears the ready-priority bit (uxTopReadyPriority &= ~(1<<uxPriority)), inserts onto "
0803a904,freertos_port_yield,hardware,D3,NA,NA,yes,"RESOLVED 2026-06-13 (harvest,NA(same FreeRTOS/libc source)): Stock (decompiled_2C53T_v2.c:33541-33545) is just `_DAT_200061e4 = _DAT_200061e4 + 1;` - i.e. ++uxSchedulerSuspended. Exactly FreeRTOS/tasks.c vTaskSuspendAll. Port yield is instead a write to ICSR (e000ed04 = 0x10000000"
0803a914,freertos_port_pendsv_handler,hardware,D3,NA,NA,yes,"RESOLVED 2026-06-13 (harvest,NA(same FreeRTOS/libc source)): Stock (decompiled_2C53T_v2.c:33556-33586) uses `0x1f - LZCOUNT(uxTopReadyPriority)` to index the ready-task array and advance pxIndex to the next ready TCB, setting pxCurrentTCB (_DAT_200061e0). This is vTaskSwitchContex"
0803a9d4,freertos_timer_delete,logic,D3,NA,NA,yes,"RESOLVED 2026-06-13 (harvest,NA(same FreeRTOS/libc source)): Ghidra labels this xPortStartScheduler. Stock (decompiled_2C53T_v2.c:33597-33681) checks CPUID e000ed00 against 0x410fc270/0x410fc271 (CM4 r0p0/r0p1 errata asserts), sets SHPR3 e000ed20 |= 0xf0f00000 (PendSV+SysTick lowe"
0803ab74,freertos_timer_reset,logic,D3,NA,NA,yes,"RESOLVED 2026-06-13 (harvest,NA(same FreeRTOS/libc source)): Ghidra labels this xQueueGenericCreate (decompiled_2C53T_v2.c:33689+). Signature xQueueGenericCreate(uxQueueLength, uxItemSize, ucQueueType) with the length!=0 assert and pvPortMalloc of (length*itemSize + queue struct)."
0803ac38,freertos_timer_stop,logic,D3,NA,NA,yes,"RESOLVED 2026-06-13 (harvest,NA(same FreeRTOS/libc source)): full_decompile.c:31767 FUN_0803ac38 is NOT timer_stop; it is FreeRTOS xQueueGenericReset (queue.c): recomputes pcTail=pcHead+uxLength*uxItemSize (p1[2]), uxMessagesWaiting=0 (p1[0xe]), pcWriteTo=pcHead (p1[1]), pcReadFro"
0803acf0,xQueueGenericSend,logic,D3,NA,NA,yes,"RESOLVED 2026-06-13 (harvest,NA(same FreeRTOS/libc source)): decompiled_2C53T_v2.c:33799 matches FreeRTOS queue.c xQueueGenericSend exactly: copy-to-queue FUN_08034cc4(prvCopyDataToQueue), uxMessagesWaiting<uxLength gate or xCopyPosition==2(overwrite), notify waiting receivers lis"
0803af08,xQueueGenericSendFromISR,logic,D3,NA,NA,yes,"RESOLVED 2026-06-13 (harvest,NA(same FreeRTOS/libc source)): decompiled_2C53T_v2.c:33933 is FreeRTOS queue.c xQueueGenericSendFromISR: masks ISR via setBasePriority(0x10)=configMAX_SYSCALL_INTERRUPT_PRIORITY (portSET_INTERRUPT_MASK_FROM_ISR), gate uxMessagesWaiting<uxLength, prvCo"
0803b06c,freertos_queue_notify_from_isr,logic,D3,NA,NA,yes,"RESOLVED 2026-06-13 (harvest,NA(same FreeRTOS/libc source)): decompiled_2C53T_v2.c:34022 FUN_0803b06c is NOT a notify; it is FreeRTOS uxQueueMessagesWaiting (queue.c): taskENTER_CRITICAL, returns p1[2]=uxMessagesWaiting when *p1==0 else 0, taskEXIT_CRITICAL. Caller at v2.c:30334 u"
0803b09c,xQueueReceiveFromISR,logic,D3,NA,NA,yes,"RESOLVED 2026-06-13 (harvest,NA(same FreeRTOS/libc source)): decompiled_2C53T_v2.c:34044 is FreeRTOS queue.c xQueueReceiveFromISR: ISR mask via setBasePriority(0x10), checks uxMessagesWaiting (p1[0xe]<p1[0xf]), prvCopyDataFromQueue, increments cRxLock at +0x45 when locked, else un"
0803b1d8,xQueueReceive,logic,D3,NA,NA,yes,"RESOLVED 2026-06-13 (harvest,NA(same FreeRTOS/libc source)): decompiled_2C53T_v2.c:34140 is FreeRTOS queue.c xQueueReceive: uxMessagesWaiting!=0 path does prvCopyDataFromQueue(FUN_08034c80), decrement (p1[0x38]-1), unblock senders list +0x10 and PendSV; else block-with-timeout via"
0803b3a8,xQueueSemaphoreTake,libc,D1,RNA,VNA,no,"libc: library/runtime, no RE leverage (R=NA)"
0803b5cc,freertos_task_remove_from_event,libc,D1,RNA,VNA,no,"libc: library/runtime, no RE leverage (R=NA)"
0803b6a0,xTaskCreate,libc,D1,RNA,VNA,no,"libc: library/runtime, no RE leverage (R=NA)"
0803b730,freertos_scheduler_running_check,libc,D1,RNA,VNA,no,"libc: library/runtime, no RE leverage (R=NA)"
0803b768,freertos_queue_get_count_from_isr,libc,D1,RNA,VNA,no,"libc: library/runtime, no RE leverage (R=NA)"
0803b77c,freertos_task_yield_if_needed,libc,D1,RNA,VNA,no,"libc: library/runtime, no RE leverage (R=NA)"
0803b934,freertos_queue_copy_to_front,libc,D1,RNA,VNA,no,"libc: library/runtime, no RE leverage (R=NA)"
0803ba2c,freertos_task_check_delayed,libc,D1,RNA,VNA,no,"libc: library/runtime, no RE leverage (R=NA)"
0803bb4c,freertos_task_unblock,libc,D1,RNA,VNA,no,"libc: library/runtime, no RE leverage (R=NA)"
0803bc10,freertos_task_switch_context,libc,D1,RNA,VNA,no,"libc: library/runtime, no RE leverage (R=NA)"
0803bd88,freertos_timer_expire_check,libc,D1,RNA,VNA,no,"libc: library/runtime, no RE leverage (R=NA)"
0803bdd4,freertos_timer_startup,libc,D1,RNA,VNA,no,"libc: library/runtime, no RE leverage (R=NA)"
0803be38,freertos_tick_handler,logic,D3,NA,NA,yes,"RESOLVED 2026-06-13 (harvest,NA(same FreeRTOS/libc source)): decompiled_2C53T_v2.c:34869 FUN_0803be38 is NOT a tick handler; it is FreeRTOS timers.c xTimerGenericCommand: guards on timer-service queue _DAT_200062e4 (xTimerQueue), builds a DaemonTaskMessage struct (local_30=cmd, lo"
0803bee0,dma1_configure,hardware,D2,R0,V0,no,hardware: behavior not yet recovered (R0) - needs decode
0803c046,fp_double_from_float,libc,D1,RNA,VNA,yes,resolved
0803c12c,fp_double_multiply,libc,D1,RNA,VNA,yes,resolved
0803c464,fp_bignum_subtract,libc,D1,RNA,VNA,yes,resolved
0803c540,fp_bignum_divide,libc,D1,RNA,VNA,yes,resolved
0803c56a,fp_bignum_multiply,libc,D1,RNA,VNA,yes,resolved
0803c594,fp_bignum_multiply_core,libc,D1,RNA,VNA,yes,resolved
0803c7d8,fp_double_classify,libc,D1,RNA,VNA,yes,resolved
0803c808,fp_float_abs,libc,D1,RNA,VNA,yes,resolved
0803c82e,fp_float_to_int_round,libc,D1,RNA,VNA,yes,resolved
0803c8e0,fp_double_divide,libc,D1,RNA,VNA,yes,resolved
0803d540,fp_float_divide,libc,D1,RNA,VNA,yes,resolved
0803dba4,fp_double_compare_special,libc,D1,RNA,VNA,yes,resolved
0803dc1e,fp_double_set_errno,libc,D1,RNA,VNA,yes,resolved
0803dc58,fp_double_add_subtract_core,libc,D1,RNA,VNA,yes,resolved
0803dd50,fp_double_negate_then_divide,libc,D1,RNA,VNA,yes,resolved
0803ddb8,fp_double_abs_multiply,libc,D1,RNA,VNA,yes,resolved
0803ddd8,fp_double_negate_multiply,libc,D1,RNA,VNA,yes,resolved
0803ddf8,fp_float_negate,libc,D1,RNA,VNA,yes,resolved
0803de24,fp_float_return_zero,libc,D1,RNA,VNA,yes,resolved
0803de34,fp_float_return_one,libc,D1,RNA,VNA,yes,resolved
0803de44,isdigit,libc,D1,RNA,VNA,yes,resolved
0803de52,fp_double_check_nan,libc,D1,RNA,VNA,yes,resolved
0803de6a,fp_double_to_int,libc,D1,RNA,VNA,no,"libc: library/runtime, no RE leverage (R=NA)"
0803ded8,libc_init_ctype_table,libc,D1,RNA,VNA,no,"libc: library/runtime, no RE leverage (R=NA)"
0803df04,libc_init_decimal_point,libc,D1,RNA,VNA,no,"libc: library/runtime, no RE leverage (R=NA)"
0803df30,fp_double_return_identity,libc,D1,RNA,VNA,no,"libc: library/runtime, no RE leverage (R=NA)"
0803df48,fp_double_to_float,libc,D1,RNA,VNA,no,"libc: library/runtime, no RE leverage (R=NA)"
0803dfac,fp_double_multiply_dispatch,libc,D1,RNA,VNA,no,"libc: library/runtime, no RE leverage (R=NA)"
0803e124,fp_double_divide_dispatch,libc,D1,RNA,VNA,no,"libc: library/runtime, no RE leverage (R=NA)"
0803e450,fp_int_to_double,libc,D1,RNA,VNA,no,"libc: library/runtime, no RE leverage (R=NA)"
0803e50a,fp_int_to_double_signed,libc,D1,RNA,VNA,no,"libc: library/runtime, no RE leverage (R=NA)"
0803e538,scope_set_sampling_params,protocol,D1,R0,V0,no,protocol: behavior not yet recovered (R0) - needs decode
0803e5da,fp_double_load_from_table,libc,D1,RNA,VNA,no,"libc: library/runtime, no RE leverage (R=NA)"
0803e600,scope_set_measure_config,protocol,D1,R0,V0,no,protocol: behavior not yet recovered (R0) - needs decode
0803e68c,fp_double_add,libc,D1,RNA,VNA,no,"libc: library/runtime, no RE leverage (R=NA)"
0803e704,fp_double_subtract,libc,D1,RNA,VNA,no,"libc: library/runtime, no RE leverage (R=NA)"
0803e77c,fp_double_multiply_full,libc,D1,RNA,VNA,no,"libc: library/runtime, no RE leverage (R=NA)"
0803e8d0,display_buffer_write,libc,D1,RNA,VNA,no,"libc: library/runtime, no RE leverage (R=NA)"
0803e978,fp_double_compare_ordered,libc,D1,RNA,VNA,no,"libc: library/runtime, no RE leverage (R=NA)"
0803e9e4,fp_double_subtract_core,libc,D1,RNA,VNA,no,"libc: library/runtime, no RE leverage (R=NA)"
0803e9fc,fp_double_format_output,libc,D1,RNA,VNA,no,"libc: library/runtime, no RE leverage (R=NA)"
0803eb94,fp_double_add_full,libc,D1,RNA,VNA,no,"libc: library/runtime, no RE leverage (R=NA)"
0803ed70,fp_float_to_double,libc,D1,RNA,VNA,no,"libc: library/runtime, no RE leverage (R=NA)"
0803ede2,fp_double_add_wrapper_1,libc,D1,RNA,VNA,no,"libc: library/runtime, no RE leverage (R=NA)"
0803edf0,fp_double_add_wrapper_2,libc,D1,RNA,VNA,no,"libc: library/runtime, no RE leverage (R=NA)"
0803edfe,fp_double_subtract_wrapper_1,libc,D1,RNA,VNA,no,"libc: library/runtime, no RE leverage (R=NA)"
0803ee0c,fp_double_subtract_wrapper_2,libc,D1,RNA,VNA,yes,resolved
0803ee1a,nop_stub,unknown,D3,RNA,VNA,yes,resolved
0803ee20,scope_read_adc_sample,protocol,D1,R1,V0,no,protocol: partial understanding (R1) - confirm semantics/data
0803ee7a,fp_float_to_double_norm,libc,D1,RNA,VNA,yes,resolved
0803ef06,libc_init_atexit,libc,D1,RNA,VNA,yes,resolved
0803ef20,fp_float_format_special,libc,D1,RNA,VNA,yes,resolved
0803f020,scope_draw_trigger_line,render,D1,R1,V0,no,render: partial understanding (R1) - confirm semantics/data
0803f0e4,scope_draw_measurement_box,render,D1,R1,V0,no,render: partial understanding (R1) - confirm semantics/data
0803f1c8,fp_double_round_to_int,libc,D1,RNA,VNA,yes,resolved
